{
	"axis_max" : 229.71266174316406,
	"axis_min" : -200.12154388427734,
	"bounding_polygon" : 
	[
		[ 27.687138760887379, 0.0, -371.79203359583323 ],
		[ -14.134617736322641, 0.0, -372.50087688313494 ],
		[ -15.715883627351444, 0.0, -370.64697905480745 ],
		[ -16.206621317670724, 0.0, -347.09157135370538 ],
		[ 26.814716200319765, 0.0, -345.89199040596412 ],
		[ 27.41450671071, 0.0, -346.38272806640373 ]
	],
	"class_name" : "SelectionPolygonVolume",
	"orthogonal_axis" : "Y",
	"version_major" : 1,
	"version_minor" : 0
}