{
	"axis_max" : -295.13229370117188,
	"axis_min" : -450.2510986328125,
	"bounding_polygon" : 
	[
		[ -3.3742760815767796, 12.350214864953674, 0.0 ],
		[ -1.7448281277722191, -25.342852324571886, 0.0 ],
		[ -10.238642331544673, -25.857655068709519, 0.0 ],
		[ -11.282206841982802, 13.19426036508542, 0.0 ]
	],
	"class_name" : "SelectionPolygonVolume",
	"orthogonal_axis" : "Z",
	"version_major" : 1,
	"version_minor" : 0
}