{
	"axis_max" : -295.13229370117188,
	"axis_min" : -450.2510986328125,
	"bounding_polygon" : 
	[
		[ -1.5602217316901528, 13.456632499909684, 0.0 ],
		[ -0.85137842580040468, -25.450988218965655, 0.0 ],
		[ 6.1582942657759681, -25.214707121482604, 0.0 ],
		[ 4.740607653996471, 13.771673963220415, 0.0 ]
	],
	"class_name" : "SelectionPolygonVolume",
	"orthogonal_axis" : "Z",
	"version_major" : 1,
	"version_minor" : 0
}