{
	"axis_max" : -295.13229370117188,
	"axis_min" : -450.2510986328125,
	"bounding_polygon" : 
	[
		[ 7.9697827141608695, 13.771673963220415, 0.0 ],
		[ 8.9936674893349444, -25.450988218965655, 0.0 ],
		[ 14.97945540573725, -25.372227853137971, 0.0 ],
		[ 13.561768793957754, 13.299111768254319, 0.0 ]
	],
	"class_name" : "SelectionPolygonVolume",
	"orthogonal_axis" : "Z",
	"version_major" : 1,
	"version_minor" : 0
}