{
	"axis_max" : -295.13229370117188,
	"axis_min" : -450.2510986328125,
	"bounding_polygon" : 
	[
		[ 16.318381650195661, 13.141591036598953, 0.0 ],
		[ 17.81482862929623, -24.742144926516509, 0.0 ],
		[ 25.612104994083438, -24.584624194861142, 0.0 ],
		[ 23.958137280340694, 13.771673963220415, 0.0 ]
	],
	"class_name" : "SelectionPolygonVolume",
	"orthogonal_axis" : "Z",
	"version_major" : 1,
	"version_minor" : 0
}