{
	"axis_max" : 243.82981872558594,
	"axis_min" : -236.00257110595703,
	"bounding_polygon" : 
	[
		[ 0.0, 23.789858686770771, -348.16302160725195 ],
		[ 0.0, 23.991388185001639, -355.07340221353763 ],
		[ 0.0, 42.111435068221667, -354.85462913945594 ],
		[ 0.0, 41.850216339895624, -347.8827810133597 ],
		[ 0.0, 41.371813355535672, -347.45161923108844 ]
	],
	"class_name" : "SelectionPolygonVolume",
	"orthogonal_axis" : "X",
	"version_major" : 1,
	"version_minor" : 0
}